{
  "step": "3_deploy",
  "disclaimer": "部署checkpoint在test155的一次性表现；CV的0.707±0.051才是方法无偏估计，二者不可混淆。",
  "train_size": 522,
  "val_deploy_size": 93,
  "test_size": 155,
  "temperature_T": 0.3768380582332611,
  "gate_threshold": 0.86,
  "gate_measure": "max_softmax",
  "val_deploy_macro_f1": 0.6361671763506627,
  "test155": {
    "macro_f1": 0.6330647836428183,
    "accuracy": 0.7806451612903226,
    "per_class_f1": {
      "Natural": 0.7111111111111111,
      "anger": 0.5384615384615384,
      "fear": 0.38095238095238093,
      "joy": 0.9017341040462428
    },
    "confusion_matrix": [
      [
        32,
        1,
        3,
        1
      ],
      [
        4,
        7,
        3,
        1
      ],
      [
        5,
        1,
        4,
        0
      ],
      [
        12,
        2,
        1,
        78
      ]
    ]
  },
  "test155_gated_operating_point": {
    "threshold": 0.86,
    "coverage": 0.4064516129032258,
    "n_kept": 63,
    "rejection": 0.5935483870967742,
    "accuracy_on_kept": 0.9206349206349206,
    "macro_f1_on_kept": 0.8092105263157895
  },
  "checkpoint": "ferac_efficientnetb0_deploy.pth",
  "seed": 42
}