{
  "efficientnet_b0": {
    "model": "efficientnet_b0",
    "type": "CNN Light",
    "n_folds": 5,
    "fold_f1s": [
      0.7446182090578644,
      0.5502262691142659,
      0.6200280112044818,
      0.6153011598789279,
      0.6537282941777324
    ],
    "fold_accs": [
      0.8376623376623377,
      0.6818181818181818,
      0.7402597402597403,
      0.7857142857142857,
      0.7727272727272727
    ],
    "fold_per_class": [
      [
        0.7407407407407407,
        0.6896551724137931,
        0.625,
        0.9230769230769231
      ],
      [
        0.6382978723404256,
        0.48484848484848486,
        0.2727272727272727,
        0.8050314465408805
      ],
      [
        0.6428571428571429,
        0.4666666666666667,
        0.5,
        0.8705882352941177
      ],
      [
        0.6829268292682927,
        0.5517241379310345,
        0.3,
        0.9265536723163842
      ],
      [
        0.6666666666666666,
        0.3333333333333333,
        0.7272727272727273,
        0.8876404494382022
      ]
    ],
    "mean_f1": 0.6367803886866545,
    "std_f1": 0.06348203216561213,
    "mean_acc": 0.7636363636363637,
    "std_acc": 0.051556969457868085,
    "mean_per_class_f1": [
      0.6742978503746537,
      0.5052455590386626,
      0.485,
      0.8825781453333015
    ],
    "std_per_class_f1": [
      0.03696449223078369,
      0.1162973333487482,
      0.17765460034796,
      0.04417436661994776
    ],
    "class_names": [
      "Natural",
      "anger",
      "fear",
      "joy"
    ]
  },
  "densenet121": {
    "model": "densenet121",
    "type": "CNN Classic",
    "n_folds": 5,
    "fold_f1s": [
      0.6157286134172124,
      0.5488031110008087,
      0.6585278347592601,
      0.6209102834946163,
      0.6205964160784571
    ],
    "fold_accs": [
      0.7337662337662337,
      0.7402597402597403,
      0.8051948051948052,
      0.7727272727272727,
      0.7142857142857143
    ],
    "fold_per_class": [
      [
        0.6511627906976745,
        0.43902439024390244,
        0.5,
        0.8727272727272727
      ],
      [
        0.6741573033707865,
        0.5161290322580645,
        0.14285714285714285,
        0.8620689655172413
      ],
      [
        0.7341772151898734,
        0.5333333333333333,
        0.43478260869565216,
        0.9318181818181818
      ],
      [
        0.675,
        0.5517241379310345,
        0.34782608695652173,
        0.9090909090909091
      ],
      [
        0.6373626373626373,
        0.3870967741935484,
        0.631578947368421,
        0.8263473053892215
      ]
    ],
    "mean_f1": 0.6129132517500709,
    "std_f1": 0.03555758743820927,
    "mean_acc": 0.7532467532467532,
    "std_acc": 0.03207555593565837,
    "mean_per_class_f1": [
      0.6743719893241944,
      0.48546153359197664,
      0.4114089571755475,
      0.8804105269085654
    ],
    "std_per_class_f1": [
      0.033122392914196476,
      0.06237783515407674,
      0.163114918627717,
      0.03683364900622041
    ],
    "class_names": [
      "Natural",
      "anger",
      "fear",
      "joy"
    ]
  },
  "xception": {
    "model": "xception",
    "type": "CNN Other",
    "n_folds": 5,
    "fold_f1s": [
      0.6376449504532996,
      0.5794366372341749,
      0.6000094287214144,
      0.6155870543520157,
      0.6158494585432701
    ],
    "fold_accs": [
      0.7857142857142857,
      0.7077922077922078,
      0.7532467532467533,
      0.7662337662337663,
      0.7467532467532467
    ],
    "fold_per_class": [
      [
        0.7111111111111111,
        0.5806451612903226,
        0.35294117647058826,
        0.9058823529411765
      ],
      [
        0.627906976744186,
        0.45454545454545453,
        0.4,
        0.8352941176470589
      ],
      [
        0.6744186046511628,
        0.5185185185185185,
        0.3076923076923077,
        0.8994082840236687
      ],
      [
        0.7341772151898734,
        0.5517241379310345,
        0.27586206896551724,
        0.9005847953216374
      ],
      [
        0.6590909090909091,
        0.4666666666666667,
        0.47058823529411764,
        0.8670520231213873
      ]
    ],
    "mean_f1": 0.6097055058608349,
    "std_f1": 0.01930373876317804,
    "mean_acc": 0.7519480519480519,
    "std_acc": 0.02577848472893405,
    "mean_per_class_f1": [
      0.6813409633574484,
      0.5144199877903993,
      0.36141675768450615,
      0.8816443146109858
    ],
    "std_per_class_f1": [
      0.037619426086220625,
      0.04828977238833428,
      0.0688256273153003,
      0.02691861307888399
    ],
    "class_names": [
      "Natural",
      "anger",
      "fear",
      "joy"
    ]
  },
  "resnet18": {
    "model": "resnet18",
    "type": "CNN Classic",
    "n_folds": 5,
    "fold_f1s": [
      0.6436027466597904,
      0.5409294507437743,
      0.6598422260470453,
      0.5673427162275952,
      0.6295033317152818
    ],
    "fold_accs": [
      0.7532467532467533,
      0.6883116883116883,
      0.8051948051948052,
      0.6818181818181818,
      0.7467532467532467
    ],
    "fold_per_class": [
      [
        0.6666666666666666,
        0.5789473684210527,
        0.45454545454545453,
        0.874251497005988
      ],
      [
        0.6233766233766234,
        0.42424242424242425,
        0.27586206896551724,
        0.8402366863905325
      ],
      [
        0.7469879518072289,
        0.4666666666666667,
        0.5,
        0.9257142857142857
      ],
      [
        0.56,
        0.5294117647058824,
        0.3333333333333333,
        0.8466257668711656
      ],
      [
        0.6588235294117647,
        0.3870967741935484,
        0.6,
        0.872093023255814
      ]
    ],
    "mean_f1": 0.6082440942786974,
    "std_f1": 0.045975516608927396,
    "mean_acc": 0.735064935064935,
    "std_acc": 0.04562121576688391,
    "mean_per_class_f1": [
      0.6511709542524567,
      0.4772729996459149,
      0.432748171368861,
      0.8717842518475571
    ],
    "std_per_class_f1": [
      0.06093314985841914,
      0.06944438919240233,
      0.11616166608439743,
      0.030142426723452173
    ],
    "class_names": [
      "Natural",
      "anger",
      "fear",
      "joy"
    ]
  },
  "resnet50": {
    "model": "resnet50",
    "type": "CNN Classic",
    "n_folds": 5,
    "fold_f1s": [
      0.6416110143244289,
      0.5345238095238095,
      0.5808906109613656,
      0.5868719686606143,
      0.617512077294686
    ],
    "fold_accs": [
      0.7727272727272727,
      0.7142857142857143,
      0.6948051948051948,
      0.7467532467532467,
      0.7727272727272727
    ],
    "fold_per_class": [
      [
        0.7073170731707317,
        0.5555555555555556,
        0.42857142857142855,
        0.875
      ],
      [
        0.5714285714285714,
        0.5,
        0.2,
        0.8666666666666667
      ],
      [
        0.625,
        0.5,
        0.38095238095238093,
        0.8176100628930818
      ],
      [
        0.65,
        0.5294117647058824,
        0.2727272727272727,
        0.8953488372093024
      ],
      [
        0.6666666666666666,
        0.34782608695652173,
        0.5555555555555556,
        0.9
      ]
    ],
    "mean_f1": 0.5922818961529808,
    "std_f1": 0.03623520168253015,
    "mean_acc": 0.7402597402597403,
    "std_acc": 0.03127686903582415,
    "mean_per_class_f1": [
      0.6440824622531939,
      0.486558681443592,
      0.36756132756132753,
      0.8709251133538102
    ],
    "std_per_class_f1": [
      0.04513625544386136,
      0.07239478744286842,
      0.12354244529368325,
      0.02939081827868928
    ],
    "class_names": [
      "Natural",
      "anger",
      "fear",
      "joy"
    ]
  },
  "vit_small": {
    "model": "vit_small",
    "type": "Transformer",
    "n_folds": 5,
    "fold_f1s": [
      0.6424618272467917,
      0.5153117326785523,
      0.6057998084291187,
      0.5252314919034112,
      0.6267225759832195
    ],