{
  "n_boot": 2000,
  "seed": 42,
  "macro_f1_ci": {
    "mean": 0.6577405992524398,
    "lo95": 0.6137427862327421,
    "hi95": 0.700356155069917,
    "width": 0.08661336883717485
  },
  "per_class_f1_ci": {
    "Natural": {
      "mean": 0.6628898878355994,
      "lo95": 0.6068571936794047,
      "hi95": 0.7142945763913505,
      "width": 0.1074373827119458
    },
    "anger": {
      "mean": 0.6609705950570979,
      "lo95": 0.5753379890769093,
      "hi95": 0.7432519057519057,
      "width": 0.16791391667499644
    },
    "fear": {
      "mean": 0.3883008718124542,
      "lo95": 0.2741808149405772,
      "hi95": 0.49600875912408754,
      "width": 0.22182794418351032
    },
    "joy": {
      "mean": 0.918801042304608,
      "lo95": 0.8998768204910523,
      "hi95": 0.9365658194950212,
      "width": 0.036688999003968825
    }
  },
  "note": "Resample OOF predictions with replacement; Fear (n=49) CI is widest."
}