{
  "n_total": 770,
  "oof_macro_f1": 0.658561246117,
  "per_class": {
    "Natural": {
      "n": 184,
      "precision": 0.6428571428571429,
      "recall": 0.6847826086956522,
      "f1": 0.6631578947368421
    },
    "anger": {
      "n": 74,
      "precision": 0.6375,
      "recall": 0.6891891891891891,
      "f1": 0.6623376623376623
    },
    "fear": {
      "n": 49,
      "precision": 0.3333333333333333,
      "recall": 0.46938775510204084,
      "f1": 0.3898305084745763
    },
    "joy": {
      "n": 463,
      "precision": 0.96,
      "recall": 0.8812095032397408,
      "f1": 0.918918918918919
    }
  },
  "confusion_matrix_counts": [
    [
      126,
      16,
      28,
      14
    ],
    [
      14,
      51,
      6,
      3
    ],
    [
      21,
      5,
      23,
      0
    ],
    [
      35,
      8,
      12,
      408
    ]
  ],
  "classes": [
    "Natural",
    "anger",
    "fear",
    "joy"
  ],
  "note": "OOF = 5-fold out-of-fold predictions, single-pass (no resampling)."
}