{
  "P1": {
    "engagement_mae": 0.03743567690253258,
    "emotion_accuracy": 0.7593333333333333,
    "self_stim_accuracy": 0.968,
    "fatigue_mae": 0.039334122091531754
  },
  "P2": {
    "engagement_mae": 0.04468677192926407,
    "emotion_accuracy": 0.7693333333333333,
    "self_stim_accuracy": 0.8693333333333333,
    "fatigue_mae": 0.062332071363925934
  },
  "P3": {
    "engagement_mae": 0.07105773687362671,
    "emotion_accuracy": 0.7133333333333334,
    "self_stim_accuracy": 0.9033333333333333,
    "fatigue_mae": 0.06926653534173965
  }
}