{
  "temperature_T": 0.38328224420547485,
  "ece_before": 0.2905607647569204,
  "ece_after": 0.033910445799947495,
  "reliability_before": [
    [
      0.03333333333333333,
      0,
      0,
      0
    ],
    [
      0.1,
      0,
      0,
      0
    ],
    [
      0.16666666666666669,
      0,
      0,
      0
    ],
    [
      0.23333333333333334,
      0,
      0,
      0
    ],
    [
      0.3,
      0.4444444444444444,
      0.31224323544297766,
      45
    ],
    [
      0.3666666666666667,
      0.5983606557377049,
      0.3696821004342178,
      122
    ],
    [
      0.43333333333333335,
      0.6785714285714286,
      0.43032744997130884,
      140
    ],
    [
      0.5,
      0.8253968253968254,
      0.5024892390885148,
      126
    ],
    [
      0.5666666666666667,
      0.9387755102040817,
      0.5636287542281909,
      196
    ],
    [
      0.6333333333333333,
      0.912621359223301,
      0.6259093764168345,
      103
    ],
    [
      0.7,
      1.0,
      0.6905902084448936,
      33
    ],
    [
      0.7666666666666666,
      1.0,
      0.7654367379571616,
      5
    ],
    [
      0.8333333333333334,
      0,
      0,
      0
    ],
    [
      0.9,
      0,
      0,
      0
    ],
    [
      0.9666666666666667,
      0,
      0,
      0
    ]
  ],
  "reliability_after": [
    [
      0.03333333333333333,
      0,
      0,
      0
    ],
    [
      0.1,
      0,
      0,
      0
    ],
    [
      0.16666666666666669,
      0,
      0,
      0
    ],
    [
      0.23333333333333334,
      0,
      0,
      0
    ],
    [
      0.3,
      0.0,
      0.32421632034076814,
      4
    ],
    [
      0.3666666666666667,
      0.625,
      0.3695993347526178,
      16
    ],
    [
      0.43333333333333335,
      0.47368421052631576,
      0.4379964755886942,
      38
    ],
    [
      0.5,
      0.5434782608695652,
      0.5049804848917123,
      46
    ],
    [
      0.5666666666666667,
      0.5849056603773585,
      0.562716439729059,
      53
    ],
    [
      0.6333333333333333,
      0.6842105263157895,
      0.6356838467655563,
      57
    ],
    [
      0.7,
      0.5961538461538461,
      0.6958222347616643,
      52
    ],
    [
      0.7666666666666666,
      0.7868852459016393,
      0.7688670214241431,
      61
    ],
    [
      0.8333333333333334,
      0.8372093023255814,
      0.8379079994405696,
      86
    ],
    [
      0.9,
      0.9296482412060302,
      0.9047295784662952,
      199
    ],
    [
      0.9666666666666667,
      0.9430379746835443,
      0.9579614971612299,
      158
    ]
  ],
  "threshold_table_raw": [
    {
      "threshold": 0.3,
      "coverage": 0.9831168831168832,
      "accuracy": 0.797886393659181,
      "macro_f1": 0.6661495362251857,
      "rejection": 0.016883116883116833,
      "n_kept": 757
    },
    {
      "threshold": 0.4,
      "coverage": 0.7831168831168831,
      "accuracy": 0.8540630182421227,
      "macro_f1": 0.7000282489905979,
      "rejection": 0.2168831168831169,
      "n_kept": 603
    },
    {
      "threshold": 0.5,
      "coverage": 0.5337662337662338,
      "accuracy": 0.9197080291970803,
      "macro_f1": 0.7439586215842269,
      "rejection": 0.4662337662337662,
      "n_kept": 411
    },
    {
      "threshold": 0.6,
      "coverage": 0.18311688311688312,
      "accuracy": 0.9361702127659575,
      "macro_f1": 0.7773029556650246,
      "rejection": 0.8168831168831169,
      "n_kept": 141
    },
    {
      "threshold": 0.7,
      "coverage": 0.01948051948051948,
      "accuracy": 1.0,
      "macro_f1": 0.5,
      "rejection": 0.9805194805194806,
      "n_kept": 15
    },
    {
      "threshold": 0.8,
      "coverage": 0.0,
      "accuracy": 0.0,
      "macro_f1": 0.0,
      "rejection": 1.0,
      "n_kept": 0
    },
    {
      "threshold": 0.9,
      "coverage": 0.0,
      "accuracy": 0.0,
      "macro_f1": 0.0,
      "rejection": 1.0,
      "n_kept": 0
    }
  ],
  "threshold_table_calibrated": [
    {
      "threshold": 0.3,
      "coverage": 1.0,
      "accuracy": 0.7896103896103897,
      "macro_f1": 0.658561246117,
      "rejection": 0.0,
      "n_kept": 770
    },
    {
      "threshold": 0.4,
      "coverage": 0.974025974025974,
      "accuracy": 0.7973333333333333,
      "macro_f1": 0.6622251685489758,
      "rejection": 0.025974025974025983,
      "n_kept": 750
    },
    {
      "threshold": 0.5,
      "coverage": 0.9012987012987013,
      "accuracy": 0.8242074927953891,
      "macro_f1": 0.6769154260059306,
      "rejection": 0.09870129870129873,
      "n_kept": 694
    },
    {
      "threshold": 0.6,
      "coverage": 0.7961038961038961,
      "accuracy": 0.8548123980424144,
      "macro_f1": 0.7019343889260935,
      "rejection": 0.2038961038961039,
      "n_kept": 613
    },
    {
      "threshold": 0.7,
      "coverage": 0.6857142857142857,
      "accuracy": 0.8882575757575758,
      "macro_f1": 0.7321297905826627,
      "rejection": 0.3142857142857143,
      "n_kept": 528
    },
    {
      "threshold": 0.8,
      "coverage": 0.5753246753246753,
      "accuracy": 0.9164785553047404,
      "macro_f1": 0.7543312666413131,
      "rejection": 0.42467532467532465,
      "n_kept": 443
    },
    {
      "threshold": 0.9,
      "coverage": 0.35584415584415585,
      "accuracy": 0.9343065693430657,
      "macro_f1": 0.7682171164335787,
      "rejection": 0.6441558441558441,
      "n_kept": 274
    }
  ]
}