{
  "max_softmax": {
    "coverage": [
      0.0012987012987012987,
      0.02077922077922078,
      0.04155844155844156,
      0.06233766233766234,
      0.08181818181818182,
      0.1025974025974026,
      0.12337662337662338,
      0.14285714285714285,
      0.16363636363636364,
      0.18441558441558442,
      0.2038961038961039,
      0.22467532467532467,
      0.24545454545454545,
      0.2662337662337662,
      0.2857142857142857,
      0.3064935064935065,
      0.32727272727272727,
      0.34675324675324676,
      0.36753246753246754,
      0.38831168831168833,
      0.4077922077922078,
      0.42857142857142855,
      0.44935064935064933,
      0.4688311688311688,
      0.4896103896103896,
      0.5103896103896104,
      0.5311688311688312,
      0.5506493506493506,
      0.5714285714285714,
      0.5922077922077922,
      0.6116883116883117,
      0.6324675324675325,
      0.6532467532467533,
      0.6727272727272727,
      0.6935064935064935,
      0.7142857142857143,
      0.7337662337662337,
      0.7545454545454545,
      0.7753246753246753,
      0.7961038961038961,
      0.8155844155844156,
      0.8363636363636363,
      0.8571428571428571,
      0.8766233766233766,
      0.8974025974025974,
      0.9181818181818182,
      0.9376623376623376,
      0.9584415584415584,
      0.9792207792207792,
      1.0
    ],
    "accuracy": [
      1.0,
      1.0,
      1.0,
      0.9791666666666666,
      0.9682539682539683,
      0.9746835443037974,
      0.968421052631579,
      0.9363636363636364,
      0.9365079365079365,
      0.9366197183098591,
      0.9426751592356688,
      0.930635838150289,
      0.9312169312169312,
      0.9365853658536586,
      0.9318181818181818,
      0.9322033898305084,
      0.9325396825396826,
      0.9325842696629213,
      0.9363957597173145,
      0.939799331103679,
      0.9426751592356688,
      0.9454545454545454,
      0.9364161849710982,
      0.9307479224376731,
      0.9310344827586207,
      0.9287531806615776,
      0.9290953545232273,
      0.9245283018867925,
      0.9181818181818182,
      0.9100877192982456,
      0.9065817409766455,
      0.9055441478439425,
      0.9025844930417495,
      0.8957528957528957,
      0.8801498127340824,
      0.8727272727272727,
      0.8672566371681416,
      0.8571428571428571,
      0.8576214405360134,
      0.8548123980424144,
      0.8487261146496815,
      0.8416149068322981,
      0.8333333333333334,
      0.8296296296296296,
      0.8248914616497829,
      0.8161244695898161,
      0.8102493074792244,
      0.8021680216802168,
      0.7970822281167109,
      0.7896103896103897
    ],
    "risk": [
      0.0,
      0.0,
      0.0,
      0.02083333333333337,
      0.031746031746031744,
      0.025316455696202556,
      0.03157894736842104,
      0.0636363636363636,
      0.06349206349206349,
      0.06338028169014087,
      0.0573248407643312,
      0.06936416184971095,
      0.06878306878306883,
      0.06341463414634141,
      0.06818181818181823,
      0.06779661016949157,
      0.06746031746031744,
      0.0674157303370787,
      0.06360424028268552,
      0.06020066889632103,
      0.0573248407643312,
      0.054545454545454564,
      0.06358381502890176,
      0.06925207756232687,
      0.06896551724137934,
      0.07124681933842236,
      0.07090464547677267,
      0.07547169811320753,
      0.08181818181818179,
      0.08991228070175439,
      0.09341825902335454,
      0.09445585215605745,
      0.09741550695825052,
      0.10424710424710426,
      0.11985018726591756,
      0.12727272727272732,
      0.1327433628318584,
      0.1428571428571429,
      0.1423785594639866,
      0.14518760195758562,
      0.1512738853503185,
      0.15838509316770188,
      0.16666666666666663,
      0.1703703703703704,
      0.1751085383502171,
      0.1838755304101839,
      0.1897506925207756,
      0.19783197831978316,
      0.20291777188328908,
      0.21038961038961035
    ],
    "aurc": 0.09312347933718843
  },
  "neg_entropy": {
    "coverage": [
      0.0012987012987012987,
      0.02077922077922078,
      0.04155844155844156,
      0.06233766233766234,
      0.08181818181818182,
      0.1025974025974026,
      0.12337662337662338,
      0.14285714285714285,
      0.16363636363636364,
      0.18441558441558442,
      0.2038961038961039,
      0.22467532467532467,
      0.24545454545454545,
      0.2662337662337662,
      0.2857142857142857,
      0.3064935064935065,
      0.32727272727272727,
      0.34675324675324676,
      0.36753246753246754,
      0.38831168831168833,
      0.4077922077922078,
      0.42857142857142855,
      0.44935064935064933,
      0.4688311688311688,
      0.4896103896103896,
      0.5103896103896104,
      0.5311688311688312,
      0.5506493506493506,
      0.5714285714285714,
      0.5922077922077922,
      0.6116883116883117,
      0.6324675324675325,
      0.6532467532467533,
      0.6727272727272727,
      0.6935064935064935,
      0.7142857142857143,
      0.7337662337662337,
      0.7545454545454545,
      0.7753246753246753,
      0.7961038961038961,
      0.8155844155844156,
      0.8363636363636363,
      0.8571428571428571,
      0.8766233766233766,
      0.8974025974025974,
      0.9181818181818182,
      0.9376623376623376,
      0.9584415584415584,
      0.9792207792207792,
      1.0
    ],
    "accuracy": [
      1.0,
      1.0,
      1.0,
      0.9791666666666666,
      0.9682539682539683,
      0.9746835443037974,
      0.9578947368421052,
      0.9363636363636364,
      0.9285714285714286,
      0.9366197183098591,
      0.9426751592356688,
      0.930635838150289,
      0.9259259259259259,
      0.9317073170731708,
      0.9318181818181818,
      0.9279661016949152,
      0.9285714285714286,
      0.9325842696629213,
      0.9363957597173145,
      0.939799331103679,
      0.9426751592356688,
      0.9393939393939394,
      0.9335260115606936,
      0.9279778393351801,
      0.9283819628647215,
      0.926208651399491,
      0.9242053789731052,
      0.9174528301886793,
      0.9159090909090909,
      0.9057017543859649,
      0.9044585987261147,
      0.9014373716632443,
      0.8986083499005965,
      0.88996138996139,
      0.8838951310861424,
      0.8818181818181818,
      0.8707964601769912,
      0.8588640275387264,
      0.8576214405360134,
      0.8466557911908646,
      0.8439490445859873,
      0.8416149068322981,
      0.8348484848484848,
      0.8281481481481482,
      0.8219971056439942,
      0.8161244695898161,
      0.8130193905817175,
      0.8075880758807588,
      0.8023872679045093,
      0.7896103896103897
    ],
    "risk": [
      0.0,
      0.0,
      0.0,
      0.02083333333333337,
      0.031746031746031744,
      0.025316455696202556,
      0.04210526315789476,
      0.0636363636363636,
      0.0714285714285714,
      0.06338028169014087,
      0.0573248407643312,
      0.06936416184971095,
      0.07407407407407407,
      0.06829268292682922,
      0.06818181818181823,
      0.07203389830508478,
      0.0714285714285714,
      0.0674157303370787,
      0.06360424028268552,
      0.06020066889632103,
      0.0573248407643312,
      0.06060606060606055,
      0.06647398843930641,
      0.07202216066481992,
      0.07161803713527848,
      0.07379134860050895,
      0.07579462102689483,
      0.08254716981132071,
      0.0840909090909091,
      0.0942982456140351,
      0.09554140127388533,
      0.09856262833675566,
      0.10139165009940354,
      0.11003861003861004,
      0.11610486891385763,
      0.11818181818181817,
      0.1292035398230088,
      0.14113597246127363,
      0.1423785594639866,
      0.15334420880913535,
      0.1560509554140127,
      0.15838509316770188,
      0.16515151515151516,
      0.1718518518518518,
      0.1780028943560058,
      0.1838755304101839,
      0.18698060941828254,
      0.19241192411924124,
      0.19761273209549068,
      0.21038961038961035
    ],
    "aurc": 0.09411007531077695
  },